Date,User,Action,File,Type
16.04.2025,"Lucas Dreger",Converted,"Untitled Diagram.drawio","Modified"
16.04.2025,"Lucas Dreger",Converted,"Untitled Diagram.drawio","Modified"
16.04.2025,"Lucas Dreger",Converted,"Untitled Diagram.drawio","Modified"
16.04.2025,"Lucas Dreger",Converted,"Untitled Diagram.drawio","Modified"
16.04.2025,"Lucas Dreger",Converted,"2 flowchart.drawio","Modified"
16.04.2025,"Lucas Dreger",Converted,"Untitled Diagram.drawio","Modified"
16.04.2025,"Lucas Dreger",Converted,"2 flowchart.drawio","Modified"
16.04.2025,16:42:34,"Lucas Dreger",Converted,"Untitled Diagram.drawio","Modified"
16.04.2025,16:42:35,"Lucas Dreger",Converted,"3 network.drawio","New"
16.04.2025,16:42:37,"Lucas Dreger",Converted,"2 flowchart.drawio","Modified"
16.04.2025,17:04:50,"Lucas Dreger",Converted,"3 network.drawio","Modified"
23.04.2025,15:20:42,"Lucas Dreger",Converted,"3.drawio","New"
24.04.2025,06:47:55,"Lucas Dreger",Converted,"3.drawio","Modified"
24.04.2025,06:50:45,"Lucas Dreger",Converted,"3.drawio","Modified"
24.04.2025,06:54:03,"Lucas Dreger",Converted,"3.drawio","Modified"
24.04.2025,09:11:53,"Lucas Dreger",Converted,"3.drawio","Modified"
24.04.2025,09:29:27,"Lucas Dreger",Converted,"3.drawio","Modified"
24.04.2025,12:56:52,"Lucas Dreger",Converted,"3.drawio","Modified"
24.04.2025,13:22:05,"Lucas Dreger",Converted,"3.drawio","Modified"
25.04.2025,08:02:03,"Lucas Dreger",Converted,"3.drawio","Modified"
25.04.2025,08:43:31,"Lucas Dreger",Converted,"3.drawio","Modified"
